fullname,account_no,phone_number,expiry_date(dd/mm/YYYY),registration_date(dd/mm/YYYY),monthly_payment,wallet,"client_type(static,pppoe)",client_network/client_secret,client_gateway/client_password,upload_speed,download_speed,router_name,router_interface,Address,status,comment
"JAMES GICHURU",HYP001,0743551250,04/01/2024,25/05/2024,2000,0,static,10.10.60.0,10.10.60.1/24,50K,50M,"Hillary New Router",bridge,Kitale,inactive,
"SHAKUR ABDUMALIK",HYP002,0743551250,22/02/2025,29/08/2024,20000,0,static,10.10.40.0,10.10.40.1/24,50M,15M,"Hillary New Router",bridge,"Thika. Kiganjo",inactive,
"SHAKUR ABDUMALIK 2",SF001,0743551250,04/09/2024,04/09/2024,2000,0,static,10.10.50.0,10.10.50.1/24,26M,30M,"Hillary New Router",bridge,Mombasa,inactive,"A DEMO WITH TUPAC SHAKUR"
"MUKWANA JOHN",SF002,0743551250,24/05/2025,24/05/2025,3000,0,pppoe,SF002,SF002,,,"Hillary New Router",default,MOMBASA,inactive,
"JAMES CHONGWO",SF003,0743551250,26/05/2025,25/05/2025,3000,0,static,10.10.11.0,10.10.11.1/24,3M,3M,"Hillary New Router",new_bridge,MUKIAT,inactive,
