fullname,account_no,phone_number,expiry_date(dd/mm/YYYY),registration_date(dd/mm/YYYY),monthly_payment,wallet,"client_type(static,pppoe)",client_network/client_secret,client_gateway/client_password,upload_speed,download_speed,router_name,router_interface,Address,status,comment
"JAMES MUNGAO",SF004,0715695204,05/07/2025,05/06/2025,2000,504,static,10.10.80.0,10.10.80.1/24,20M,30M,"No queue router",bridge2,Mombasa,inactive,
"JAMES MUGO",SFA002,0743551250,04/11/2025,10/06/2025,2000,500,pppoe,HYP016,354029,,,"No queue router",test_chistopher,KITALE,active,
"JAMES KARA",SFA004,0743551250,04/11/2025,10/06/2025,2000,200,pppoe,HYP015,427986,,,"No queue router",test_chistopher,KITALE,active,
HILLARY,SFA005,0743551250,10/11/2025,15/07/2025,2500,0,static,10.10.70.0,10.10.70.1/24,20M,10M,"No queue router",bridge2,KIAMBU,active,
